Muestra,Color_Rama_Joven
ANCA_010_CGAATTGC,2
ANTU_015_GTCCTAAG,2
BACON_CTTAGGAC,2
BOCA_015_TCCACGTT,2
BOCA_018_CAACACAG,2
BOCA_021_GCCTTAAC,2
BOCA_022_GTAAGGTG,2
BOOTH_5_AGCTACCA,3
BOOTH_7_CTTCACTG,3
BOOTH_8_GGTTGAAC,2
CABO_007_GATAGCCA,2
CACAJ_037_TACTCCAG,2
CACAJ_042_GGAAGAGA,2
CACAJ_044_GCGTTAGA,2
CAMA_001_ATCTGACC,2
CANO_008_AACCAGAG,2
CANO_012_GTACCACA,2
CAPI_032_CGAGAGAA,2
CAPI_035_CAGCATAC,3
CARO_019_CTCGACTT,2
CARO_020_CTTCGGTT,2
CASI_013_CCACAACA,3
CASU_002_TTACCGAC,2
CAVI_030_TCGGATTC,2
CAVI_041_CAAGGTAC,3
CELA_006_TCCTCATG,2
CEPU_008_GTCAGTCA,2
CHOQUETTE_CGAATACG,3
CRIOLLO_PAPELILLO_1_CGTATCTC,2
DUKE_7_CGGCATTA,2
EDRANOL_TCGTCTGA,2
HUAL_017_AGACCTTG,2
HUAL_018_AGGATAGC,2
HUGA_012_CCTTCCAT,2
HUSU_004_GTCCTTGA,2
LULA_TGCGTAAC,2
MACI_005_CACAGACT,2
MACI_010_TTACGTGC,2
MACI_017_CCAAGGTT,2
MACI_018_CACGCAAT,2
MACI_019_TTCCAGGT,NA
MACI_021_TCATCTCC,2
MACI_022_GAGAGTAC,2
MACI_023_GTCGTTAC,2
MACI_024_GGAGGAAT,3
MACI_025_AGGAACAC,2
MAFU_014_CAGTGCTT,2
MAFU_016_CTTGCTAG,3
MAFU_048_TGGAAGCA,3
MASA_001_AGCTAAGC,2
MASA_002_GAACGGTT,2
MASA_026_GGAATGTC,3
MASA_031_TACGGTCT,2
MEDO_009_CCAGTATC,2
MELE_007_GTAACCGA,2
MEVI_002_GACGTCAT,2
NACHA_002_CTTACAGC,2
NACHA_003_TCCATTGC,2
NATIVO_2011_AAGACACC,3
NATU_001_CCAGTTGA,2
NATU_002_TGGTGAAG,2
NATU_003_AAGACCGT,2
NATU_008_TTGCGAGA,2
NATU_009_GCAATTCC,2
NATU_011_GAATCCGT,2
POLLOCK_CCGCTTAA,3
PUMO_001_TACCTGCA,2
QUIAR_022_GTCGATTG,2
QUIBU_011_TATGGCAC,2
QUICO_005_CTCGAACA,2
QUICO_006_CAACTCCA,3
QUICO_009_GTCATCGT,3
QUICO_015_GGACATCA,2
QUIPI_001_CAGGTTCA,2
QUIPI_003_GAACGAAG,2
QUIQUI_029_CTCAGAAG,2
QUIQUI_030_CATGAGCA,4
QUITE_027_GACGAACT,2
RIPE_001_ATAACGCC,2
RIPE_002_GAATCACC,2
RIPE_003_GGCAAGTT,2
RIPE_006_GATCTTGC,2
RIPE_007_CAATGCGA,2
SACA_014_CGAATTGC,2
SACA_017_GTCCTAAG,2
SACA_019_CTTAGGAC,2
SALA_028_TCCACGTT,2
SALA_030_CAACACAG,2
SALA_031_GCCTTAAC,2
SARI_021_GTAAGGTG,2
SARI_023_AGCTACCA,2
SARI_027_CTTCACTG,3
SASA_003_GGTTGAAC,2
SASA_004_GATAGCCA,3
SASA_005_TACTCCAG,2
SASA_006_GGAAGAGA,3
SASA_009_GCGTTAGA,2
SIMONDS_ATCTGACC,3
TOAL_004_GTACCACA,1
TOAL_005_GGTATAGG,3
TOFRE_019_CGAGAGAA,2
TOIB_030_CAGCATAC,2
TOIB_050_CTCGACTT,2
TOMA_003_CTTCGGTT,2
TOPA_TOPA_CCACAACA,2
VABU_010_TTACCGAC,2
VABU_014_AGTGACCT,2
VABU_016_TCGGATTC,2
VABU_021_CAAGGTAC,3
VABU_022_TCCTCATG,2
VABU_024_GTCAGTCA,2
VAPA_020_CGAATACG,2
VAPA_021_TCTAGGAG,2
VAPA_026_CGCAACTA,3
VAPA_056_CGTATCTC,2
VAPA_061_CGGCATTA,2
VAPA_062_TCGTCTGA,2
VAPA_063_AGCCTATC,2
VAPA_064_CTGTACCA,2
VAPA_066_AGACCTTG,4
VAPA_070_AGGATAGC,2
VARO_001_CCTTCCAT,3
VARO_002_GTCCTTGA,3
VARO_003_TGCGTAAC,3
VARO_006_CACAGACT,2
VARO_020_TTACGTGC,3
WALDIN_CACGCAAT,2
ZUTANO_TTCCAGGT,3
