Muestra,Superficie_tronco
ANCA_010_CGAATTGC,7
ANTU_015_GTCCTAAG,7
BACON_CTTAGGAC,9
BOCA_015_TCCACGTT,7
BOCA_018_CAACACAG,7
BOCA_021_GCCTTAAC,7
BOCA_022_GTAAGGTG,7
BOOTH_5_AGCTACCA,7
BOOTH_7_CTTCACTG,7
BOOTH_8_GGTTGAAC,9
CABO_007_GATAGCCA,9
CACAJ_037_TACTCCAG,7
CACAJ_042_GGAAGAGA,7
CACAJ_044_GCGTTAGA,7
CAMA_001_ATCTGACC,7
CANO_008_AACCAGAG,7
CANO_012_GTACCACA,7
CAPI_032_CGAGAGAA,7
CAPI_035_CAGCATAC,7
CARO_019_CTCGACTT,9
CARO_020_CTTCGGTT,7
CASI_013_CCACAACA,7
CASU_002_TTACCGAC,7
CAVI_030_TCGGATTC,3
CAVI_041_CAAGGTAC,7
CELA_006_TCCTCATG,7
CEPU_008_GTCAGTCA,7
CHOQUETTE_CGAATACG,9
CRIOLLO_PAPELILLO_1_CGTATCTC,7
DUKE_7_CGGCATTA,7
EDRANOL_TCGTCTGA,7
HUAL_017_AGACCTTG,7
HUAL_018_AGGATAGC,7
HUGA_012_CCTTCCAT,7
HUSU_004_GTCCTTGA,7
LULA_TGCGTAAC,9
MACI_005_CACAGACT,9
MACI_010_TTACGTGC,7
MACI_017_CCAAGGTT,7
MACI_018_CACGCAAT,7
MACI_019_TTCCAGGT,7
MACI_021_TCATCTCC,7
MACI_022_GAGAGTAC,9
MACI_023_GTCGTTAC,9
MACI_024_GGAGGAAT,9
MACI_025_AGGAACAC,7
MAFU_014_CAGTGCTT,3
MAFU_016_CTTGCTAG,7
MAFU_048_TGGAAGCA,7
MASA_001_AGCTAAGC,7
MASA_002_GAACGGTT,7
MASA_026_GGAATGTC,7
MASA_031_TACGGTCT,9
MEDO_009_CCAGTATC,7
MELE_007_GTAACCGA,7
MEVI_002_GACGTCAT,7
NACHA_002_CTTACAGC,7
NACHA_003_TCCATTGC,7
NATIVO_2011_AAGACACC,7
NATU_001_CCAGTTGA,7
NATU_002_TGGTGAAG,7
NATU_003_AAGACCGT,7
NATU_008_TTGCGAGA,7
NATU_009_GCAATTCC,7
NATU_011_GAATCCGT,7
POLLOCK_CCGCTTAA,9
PUMO_001_TACCTGCA,7
QUIAR_022_GTCGATTG,7
QUIBU_011_TATGGCAC,9
QUICO_005_CTCGAACA,7
QUICO_006_CAACTCCA,9
QUICO_009_GTCATCGT,7
QUICO_015_GGACATCA,7
QUIPI_001_CAGGTTCA,7
QUIPI_003_GAACGAAG,7
QUIQUI_029_CTCAGAAG,7
QUIQUI_030_CATGAGCA,7
QUITE_027_GACGAACT,9
RIPE_001_ATAACGCC,7
RIPE_002_GAATCACC,7
RIPE_003_GGCAAGTT,7
RIPE_006_GATCTTGC,7
RIPE_007_CAATGCGA,7
SACA_014_CGAATTGC,7
SACA_017_GTCCTAAG,7
SACA_019_CTTAGGAC,3
SALA_028_TCCACGTT,7
SALA_030_CAACACAG,3
SALA_031_GCCTTAAC,7
SARI_021_GTAAGGTG,7
SARI_023_AGCTACCA,3
SARI_027_CTTCACTG,7
SASA_003_GGTTGAAC,7
SASA_004_GATAGCCA,7
SASA_005_TACTCCAG,7
SASA_006_GGAAGAGA,7
SASA_009_GCGTTAGA,7
SIMONDS_ATCTGACC,7
TOAL_004_GTACCACA,7
TOAL_005_GGTATAGG,7
TOFRE_019_CGAGAGAA,7
TOIB_030_CAGCATAC,7
TOIB_050_CTCGACTT,9
TOMA_003_CTTCGGTT,7
TOPA_TOPA_CCACAACA,7
VABU_010_TTACCGAC,7
VABU_014_AGTGACCT,7
VABU_016_TCGGATTC,7
VABU_021_CAAGGTAC,9
VABU_022_TCCTCATG,7
VABU_024_GTCAGTCA,7
VAPA_020_CGAATACG,7
VAPA_021_TCTAGGAG,3
VAPA_026_CGCAACTA,7
VAPA_056_CGTATCTC,9
VAPA_061_CGGCATTA,9
VAPA_062_TCGTCTGA,7
VAPA_063_AGCCTATC,7
VAPA_064_CTGTACCA,7
VAPA_066_AGACCTTG,7
VAPA_070_AGGATAGC,7
VARO_001_CCTTCCAT,7
VARO_002_GTCCTTGA,7
VARO_003_TGCGTAAC,7
VARO_006_CACAGACT,7
VARO_020_TTACGTGC,7
WALDIN_CACGCAAT,9
ZUTANO_TTCCAGGT,9
